Cluster_ID_Iter,R0_sampled_mean,R0_sampled_lowerCI,R0_sampled_upperCI,SI_Clust_sampled_mean,SI_Clust_sampled_lowerCI,SI_Clust_sampled_upperCI,CFR_sampled_mean,CFR_sampled_lowerCI,CFR_sampled_upperCI,Presymp_Proportion_sampled_mean,Presymp_Proportion_sampled_lowerCI,Presymp_Proportion_sampled_upperCI,Route_resp_mean,Route_resp_lowerCI,Route_resp_upperCI,Route_direct_mean,Route_direct_lowerCI,Route_direct_upperCI,Route_sexual_mean,Route_sexual_lowerCI,Route_sexual_upperCI,Route_animal_mean,Route_animal_lowerCI,Route_animal_upperCI,Route_vector_mean,Route_vector_lowerCI,Route_vector_upperCI,N_iterations_in_summary
1,2.3269108425779548,0.2644815100250755,6.811668210179551,7.679583641557542,2.920770321361753,16.659175278267796,0.19136377869970062,0.012508788078466407,0.6137877003341241,0.33643233476190476,6.000000000000001e-4,0.9986337500000001,0.5718301587301587,0,1,0.3629206349206349,0,1,0.06524920634920636,0,0.3333333333333333,0.4597944444444444,0,1,0.13109761904761905,0,0.6666666666666666,500
2,2.611755580133851,0.233520439501255,7.350464597359472,7.474407819704858,2.8697972441739728,18.65092230743484,0.1875382915382648,0.011592534653950458,0.6437904838438744,0.3598965414285714,6.000000000000001e-4,0.9995050000000001,0.6086166666666666,0,1,0.33441428571428566,0,1,0.0569690476190476,0,0.3333333333333333,0.42863095238095245,0,1,0.11731190476190476,0,0.6666666666666666,500
3,2.48854038088256,0.20443057527638886,8.047852936359988,7.585737428523579,2.8166723039935264,19.224933208777728,0.18602476205109728,0.01054022999163641,0.6087953848018379,0.32956048047619046,5.7375e-4,0.9984787500000001,0.6088690476190477,0,1,0.3308071428571429,0,1,0.06032380952380954,0,0.3333333333333333,0.4298642857142858,0,1,0.12488571428571431,0,0.6666666666666666,500
4,2.492521248099811,0.22313206366271443,9.321692178294771,7.567857327041075,2.8480553685453716,17.698829997711627,0.20024959326895211,0.01120164236508658,0.6299536434045787,0.3137060038095238,7.6e-4,0.9986700000000001,0.6052142857142858,0,1,0.3479,0,1,0.04688571428571433,0,0.3333333333333333,0.44870476190476194,0,1,0.1051952380952381,0,0.6666666666666666,500
