Cluster_ID_Iter,R0_sampled_mean,R0_sampled_lowerCI,R0_sampled_upperCI,SI_Clust_sampled_mean,SI_Clust_sampled_lowerCI,SI_Clust_sampled_upperCI,CFR_sampled_mean,CFR_sampled_lowerCI,CFR_sampled_upperCI,Presymp_Proportion_sampled_mean,Presymp_Proportion_sampled_lowerCI,Presymp_Proportion_sampled_upperCI,Route_resp_mean,Route_resp_lowerCI,Route_resp_upperCI,Route_direct_mean,Route_direct_lowerCI,Route_direct_upperCI,Route_sexual_mean,Route_sexual_lowerCI,Route_sexual_upperCI,Route_animal_mean,Route_animal_lowerCI,Route_animal_upperCI,Route_vector_mean,Route_vector_lowerCI,Route_vector_upperCI,N_iterations_in_summary
1,2.589661967754925,0.3460379433656148,8.479484090300637,7.459817860204188,3.125434103802923,16.02788974040692,0.17251156234020168,0.007912292564865451,0.5926632917288729,0.34692913650793655,9.580000000000001e-4,0.9797409999999999,0.6204404761904762,0,1,0.3273015873015873,0,1,0.052257936507936496,0,0.25,0.41144444444444445,0,1,0.119015873015873,0,0.5,100
2,2.63804520617217,0.40000500000000005,8.334124343731862,7.415221562037486,2.9811950228374897,15.585764092622307,0.19109397194054528,0.011177465416005731,0.6476391072636617,0.3269552873015873,0.001121,0.9976133333333332,0.5995952380952381,0,1,0.34815079365079366,0,1,0.05225396825396825,0,0.3333333333333333,0.43543650793650795,0,1,0.10460317460317461,0,0.6666666666666666,100
3,2.657043745236936,0.23064136195933815,10.254528065480734,8.137346162491916,3.052133533352487,18.713955379971686,0.20824745539636874,0.006621243931725372,0.5937523420980753,0.34426273333333335,6.399999999999999e-4,0.9991525,0.6146507936507937,0,1,0.33478571428571435,0,0.9049999999999983,0.05056349206349206,0,0.25,0.4530079365079365,0,1,0.10829365079365082,0,0.5,100
4,2.477658119890226,0.1414501515695382,8.573407044000616,7.811041430860443,3.1206782761479452,21.59612407700787,0.17570454813737488,0.011793477978700635,0.6245399484735884,0.35906791666666665,7.285e-4,0.9994570833333333,0.5606904761904762,0,1,0.35929761904761903,0,1,0.08001190476190476,0,0.4208333333333319,0.4459047619047619,0,1,0.14060714285714285,0,0.6666666666666666,100
