Cluster_ID_Iter,R0_sampled_mean,R0_sampled_lowerCI,R0_sampled_upperCI,SI_Clust_sampled_mean,SI_Clust_sampled_lowerCI,SI_Clust_sampled_upperCI,CFR_sampled_mean,CFR_sampled_lowerCI,CFR_sampled_upperCI,Presymp_Proportion_sampled_mean,Presymp_Proportion_sampled_lowerCI,Presymp_Proportion_sampled_upperCI,Route_resp_mean,Route_resp_lowerCI,Route_resp_upperCI,Route_direct_mean,Route_direct_lowerCI,Route_direct_upperCI,Route_sexual_mean,Route_sexual_lowerCI,Route_sexual_upperCI,Route_animal_mean,Route_animal_lowerCI,Route_animal_upperCI,Route_vector_mean,Route_vector_lowerCI,Route_vector_upperCI,N_iterations_in_summary
1,2.702155199154369,0.480429786179144,6.3533333333333335,6.732943970504217,3.4801954124498358,12.030009765073242,0.1641129769848654,0.012886218099890106,0.5808727042553476,0.35243808262626264,0.0015825000000000001,0.9989366666666666,0.6895465367965368,0.125,1,0.27017164502164503,0,0.8458333333333328,0.04028181818181818,0,0.16666666666666666,0.35654797979797975,0,1,0.08301284271284272,0,0.25,500
2,2.7493236970646993,0.4232450083759802,6.3533333333333335,6.712645422395474,3.473451034047655,12.021649676156038,0.1616309457219485,0.011408893901711015,0.579808963190577,0.36914603,0.001379,0.9984262500000001,0.6938055555555556,0.13348214285714288,1,0.2631738095238095,0,0.8174999999999992,0.04302063492063491,0,0.16666666666666666,0.3499785714285714,0,1,0.0854968253968254,0,0.25,500
3,2.715882635825126,0.4527711274702412,6.3533333333333335,6.877961912360643,3.5202547521802945,12.18074203584731,0.16981056563436459,0.012495139748220158,0.5808334301204047,0.35399703746031747,0.002361666666666667,0.99836,0.677781746031746,0.125,1,0.2738420634920635,0,0.8333333333333334,0.04837619047619048,0,0.16666666666666666,0.36531111111111114,0,1,0.09450634920634922,0,0.25,500
