Cluster_ID_Iter,R0_sampled_mean,R0_sampled_lowerCI,R0_sampled_upperCI,SI_Clust_sampled_mean,SI_Clust_sampled_lowerCI,SI_Clust_sampled_upperCI,CFR_sampled_mean,CFR_sampled_lowerCI,CFR_sampled_upperCI,Presymp_Proportion_sampled_mean,Presymp_Proportion_sampled_lowerCI,Presymp_Proportion_sampled_upperCI,Route_resp_mean,Route_resp_lowerCI,Route_resp_upperCI,Route_direct_mean,Route_direct_lowerCI,Route_direct_upperCI,Route_sexual_mean,Route_sexual_lowerCI,Route_sexual_upperCI,Route_animal_mean,Route_animal_lowerCI,Route_animal_upperCI,Route_vector_mean,Route_vector_lowerCI,Route_vector_upperCI,N_iterations_in_summary
1,2.455670888183543,0.23025147033190274,7.799693738573751,7.695861806638755,2.993320688279722,16.979962123179156,0.1819714169948878,0.011188236738860297,0.5827187602401198,0.3326893249206349,5.790000000000001e-4,0.99941,0.5786539682539683,0,1,0.3532420634920635,0,1,0.06810396825396826,0,0.3333333333333333,0.4468492063492064,0,1,0.1347388888888889,0,0.6666666666666666,500
2,2.577776164161198,0.2402963666031899,8.800818681523538,7.309148515718521,3.0199369805586826,15.2712216353985,0.17208393795627605,0.011944683225826161,0.5780566295793367,0.33182304650793654,2.3999999999999998e-4,0.9995366666666667,0.5979857142857142,0,1,0.33942539682539685,0,1,0.06258888888888892,0,0.3333333333333333,0.4231396825396824,0,1,0.12476111111111116,0,0.6666666666666666,500
3,2.4813927822776556,0.18682333975341447,7.094338116230693,7.740421682230484,2.9963426284156887,16.26071525957906,0.18722822200031294,0.011437991364667137,0.5793534478591218,0.3423997976190476,4.895e-4,0.998743,0.6001595238095239,0,1,0.34437857142857137,0,1,0.055461904761904775,0,0.3333333333333333,0.4420238095238095,0,1,0.12051666666666663,0,0.6666666666666666,500
4,2.436918908504309,0.03148454014991276,7.199771375916272,7.7365331567924365,2.939616961788378,21.304093045270484,0.18404026668088905,0.011490968623301151,0.5769999244203696,0.3263773638095238,6.000000000000001e-4,0.9984025000000001,0.6089309523809523,0,1,0.33571428571428574,0,1,0.055354761904761914,0,0.3333333333333333,0.4311023809523809,0,1,0.12417619047619047,0,0.6666666666666666,500
