Cluster_ID_Iter,R0_sampled_mean,R0_sampled_lowerCI,R0_sampled_upperCI,SI_Clust_sampled_mean,SI_Clust_sampled_lowerCI,SI_Clust_sampled_upperCI,CFR_sampled_mean,CFR_sampled_lowerCI,CFR_sampled_upperCI,Presymp_Proportion_sampled_mean,Presymp_Proportion_sampled_lowerCI,Presymp_Proportion_sampled_upperCI,Route_resp_mean,Route_resp_lowerCI,Route_resp_upperCI,Route_direct_mean,Route_direct_lowerCI,Route_direct_upperCI,Route_sexual_mean,Route_sexual_lowerCI,Route_sexual_upperCI,Route_animal_mean,Route_animal_lowerCI,Route_animal_upperCI,Route_vector_mean,Route_vector_lowerCI,Route_vector_upperCI,N_iterations_in_summary
1,2.390358061689549,0.24978328532843042,6.3533333333333335,7.61059494653139,3.514967361237985,12.839366256105784,0.1965569387978049,0.011015982979606844,0.6914880234863119,0.3360487157142857,2.8e-4,0.99772625,0.574452380952381,0,1,0.36521904761904767,0,1,0.06032857142857142,0,0.3333333333333333,0.46508095238095243,0,1,0.12048809523809524,0,0.5,500
2,2.3635405610735996,0.2888312976940409,6.3533333333333335,7.410895759932072,3.54034521583055,12.690038782932074,0.195932530637669,0.013547248009071464,0.6977463835732589,0.2857930238095238,7.5e-4,0.99722625,0.6125452380952381,0,1,0.33361190476190483,0,1,0.053842857142857165,0,0.3333333333333333,0.4325571428571428,0,1,0.10561190476190475,0,0.6666666666666666,500
3,2.29496600364665,0.2507645963786128,6.3533333333333335,7.8248454647965575,3.4486129860301,12.664797479464124,0.2186871686099391,0.011084194506251678,0.7038331526691292,0.2922067657142857,2e-4,0.9980787499999999,0.5623666666666667,0,1,0.37718571428571424,0,1,0.06044761904761905,0,0.3333333333333333,0.48645952380952384,0,1,0.11924285714285716,0,0.6666666666666666,500
4,2.5324845070493898,0.3433820953883685,6.3533333333333335,7.231737599787029,3.4209888878827357,12.350277200353858,0.17643733807931805,0.013534927542136824,0.6826723267044457,0.34803720047619047,4.7375000000000005e-4,0.999105,0.6188285714285715,0,1,0.3234380952380952,0,1,0.057733333333333366,0,0.3333333333333333,0.41411428571428577,0,1,0.11362857142857141,0,0.5,500
