Cluster_ID_Iter,R0_sampled_mean,R0_sampled_lowerCI,R0_sampled_upperCI,SI_Clust_sampled_mean,SI_Clust_sampled_lowerCI,SI_Clust_sampled_upperCI,CFR_sampled_mean,CFR_sampled_lowerCI,CFR_sampled_upperCI,Presymp_Proportion_sampled_mean,Presymp_Proportion_sampled_lowerCI,Presymp_Proportion_sampled_upperCI,Route_resp_mean,Route_resp_lowerCI,Route_resp_upperCI,Route_direct_mean,Route_direct_lowerCI,Route_direct_upperCI,Route_sexual_mean,Route_sexual_lowerCI,Route_sexual_upperCI,Route_animal_mean,Route_animal_lowerCI,Route_animal_upperCI,Route_vector_mean,Route_vector_lowerCI,Route_vector_upperCI,N_iterations_in_summary
1,2.56402652956815,0.2213878496047924,7.339903535223753,7.687080979092286,2.911225106367956,18.582512265941673,0.19119677509708488,0.011457298565495166,0.619531341197245,0.3373017571587302,5e-4,0.9990009999999999,0.5926079365079365,0,1,0.3486068253968253,0,1,0.05878523809523807,0,0.3333333333333333,0.44651428571428564,0,1,0.12187404761904756,0,0.6666666666666666,5000
2,2.462328887170369,0.2298314935448818,7.405581002788857,7.815742363135438,2.864620446759326,18.85385548093765,0.19669074510661028,0.011982595107039721,0.620455837539271,0.32669231946031746,4.6666666666666666e-4,0.999,0.5792369841269841,0,1,0.35981293650793655,0,1,0.06095007936507935,0,0.3333333333333333,0.46049023809523815,0,1,0.12633666666666662,0,0.6666666666666666,5000
3,2.5051408278738623,0.24711225448811633,7.423571710029918,7.646816590917461,2.828921779718493,18.358308223740423,0.1974488438720504,0.011591478489989445,0.6278843493479372,0.3323367799033189,4.6666666666666666e-4,0.99860125,0.5914536075036076,0,1,0.35171336219336224,0,1,0.05683303030303031,0,0.3333333333333333,0.4521073376623375,0,1,0.11801176767676773,0,0.6666666666666666,5000
4,2.5775110529660266,0.22199094638992187,7.396362482572125,7.462694117334503,2.841221144111562,19.23824500492872,0.18655362951772336,0.011251033846950894,0.6218913247117109,0.3401562672380952,5.333333333333334e-4,0.9991,0.6142330158730157,0,1,0.33318984126984136,0,1,0.052577142857142906,0,0.3333333333333333,0.42686468253968235,0,1,0.11197587301587296,0,0.6666666666666666,5000
