Cluster_ID_Iter,R0_sampled_mean,R0_sampled_lowerCI,R0_sampled_upperCI,SI_Clust_sampled_mean,SI_Clust_sampled_lowerCI,SI_Clust_sampled_upperCI,CFR_sampled_mean,CFR_sampled_lowerCI,CFR_sampled_upperCI,Presymp_Proportion_sampled_mean,Presymp_Proportion_sampled_lowerCI,Presymp_Proportion_sampled_upperCI,Route_resp_mean,Route_resp_lowerCI,Route_resp_upperCI,Route_direct_mean,Route_direct_lowerCI,Route_direct_upperCI,Route_sexual_mean,Route_sexual_lowerCI,Route_sexual_upperCI,Route_animal_mean,Route_animal_lowerCI,Route_animal_upperCI,Route_vector_mean,Route_vector_lowerCI,Route_vector_upperCI,N_iterations_in_summary
1,2.532217510878889,0.22233233531210878,7.213828701501352,7.852856780168528,2.911556857661322,18.606672569390145,0.18791083113656962,0.011328132974048367,0.6172843276083391,0.3388635401746032,6e-4,0.99884,0.593699365079365,0,1,0.3462835714285714,0,1,0.06001706349206352,0,0.3333333333333333,0.4413003968253966,0,1,0.12138333333333336,0,0.6666666666666666,5000
2,2.5716827959092425,0.23205385704005208,7.625372247844356,7.851394651200001,2.9125903375283637,18.129366317627003,0.1930245460501365,0.01164756668648377,0.6165445967876011,0.33748543507936507,4.7999999999999996e-4,0.9991008333333333,0.5884828282828284,0,1,0.3528278787878787,0,1,0.058689292929292904,0,0.3333333333333333,0.449254393939394,0,1,0.12274961760461776,0,0.6666666666666666,5000
3,2.496374793993546,0.2190516676135007,7.60910684135148,7.9076206373403775,2.8775210992889484,19.56815770326985,0.19351156560062088,0.011612557450926726,0.61482018042687,0.32770459044300143,5.333333333333334e-4,0.9987,0.5850531601731601,0,1,0.3558470707070706,0,1,0.05909976911976902,0,0.3333333333333333,0.45248818181818207,0,1,0.12231453102453105,0,0.6666666666666666,5000
4,2.5475834625804508,0.18317593042495137,7.437111814031855,7.6878055617864485,2.8681975757857763,19.06821909589521,0.183575939567298,0.011461694398863811,0.6152496309272535,0.3388131542063492,4.6666666666666666e-4,0.9991,0.6056263492063492,0,1,0.33731912698412697,0,1,0.05705452380952381,0,0.3333333333333333,0.42843444444444434,0,1,0.1184539682539683,0,0.6666666666666666,5000
