Cluster_ID_Iter,R0_sampled_mean,R0_sampled_lowerCI,R0_sampled_upperCI,CFR_sampled_mean,CFR_sampled_lowerCI,CFR_sampled_upperCI,IP_sampled_mean,IP_sampled_lowerCI,IP_sampled_upperCI,Route_resp_mean,Route_resp_lowerCI,Route_resp_upperCI,Route_direct_mean,Route_direct_lowerCI,Route_direct_upperCI,Route_sexual_mean,Route_sexual_lowerCI,Route_sexual_upperCI,Route_animal_mean,Route_animal_lowerCI,Route_animal_upperCI,Route_vector_mean,Route_vector_lowerCI,Route_vector_upperCI,N_iterations_in_summary
1,5.1708718072439614,0.6787977846765352,29.14940100388481,0.3540708823519176,0.01277403580429447,0.9,697.5848402946245,3.942165797942984,3997.302729649859,0.4798247196645803,0,1,0.5498133831510766,0,1,0.25311808196963004,0,1,0.2714381072917451,0,0.9,0.14179894175312133,0,0.625,500
2,5.922301063570983,0.6678316608973184,36.497566421478524,0.377291288321741,0.012907878398373006,0.9,846.3190660137436,3.98257494236878,4571.018625851724,0.46684119489901227,0,1,0.5629364376249826,0,1,0.28358180868838767,0,1,0.25590239645115803,0,0.9,0.1292579873514858,0,0.625,500
3,6.1129066790737525,0.657981973564302,34.517913826067065,0.39313322401803147,0.010210103798810455,0.9,875.662865376497,3.9930939043349643,4747.780412459941,0.4752196622349099,0,1,0.57048708010256,0,1,0.2801851946041575,0,1,0.280423787237874,0,0.9,0.12324367231495716,0,0.625,500
4,5.8592619898867975,0.6194765424513808,33.89995056943534,0.35369688847359765,0.012859798667119636,0.9,719.6403382038557,3.914171286498877,4283.905750983813,0.47319577352472086,0,1,0.5534513915908653,0,1,0.24945608506560515,0,1,0.2782285165728664,0,0.9,0.14961862642861096,0,0.625,500
